﻿<?xml version="1.0" encoding="utf-8"?>
<manifest identifier="_5aTysiQfj2r_course_id" version="1.0" xmlns="http://www.imsproject.org/xsd/imscp_rootv1p1p2" xmlns:adlcp="http://www.adlnet.org/xsd/adlcp_rootv1p2" xmlns:xsi="http://www.w3.org/2001/XMLSchema-instance" xsi:schemaLocation="http://www.imsproject.org/xsd/imscp_rootv1p1p2 imscp_rootv1p1p2.xsd http://www.imsglobal.org/xsd/imsmd_rootv1p2p1 imsmd_rootv1p2p1.xsd http://www.adlnet.org/xsd/adlcp_rootv1p2 adlcp_rootv1p2.xsd">
  <metadata>
    <schema>ADL SCORM</schema>
    <schemaversion>1.2</schemaversion>
    <lom xmlns="http://www.imsglobal.org/xsd/imsmd_rootv1p2p1" xmlns:xsi="http://www.w3.org/2001/XMLSchema-instance" xsi:schemaLocation="http://www.imsglobal.org/xsd/imsmd_rootv1p2p1 imsmd_rootv1p2p1.xsd">
      <general>
        <title>
          <langstring xml:lang="x-none">Jeopardy-Inspired Game Show Template</langstring>
        </title>
      </general>
      <lifecycle>
        <version>
          <langstring xml:lang="x-none">1</langstring>
        </version>
        <status>
          <source>
            <langstring xml:lang="x-none">LOMv1.0</langstring>
          </source>
          <value>
            <langstring xml:lang="x-none">Final</langstring>
          </value>
        </status>
      </lifecycle>
      <metametadata>
        <metadatascheme>ADL SCORM 1.2</metadatascheme>
      </metametadata>
      <educational>
        <typicallearningtime>
          <datetime>PT0H0M0S</datetime>
        </typicallearningtime>
      </educational>
      <rights>
        <cost>
          <source>
            <langstring xml:lang="x-none">LOMv1.0</langstring>
          </source>
          <value>
            <langstring xml:lang="x-none">yes</langstring>
          </value>
        </cost>
        <copyrightandotherrestrictions>
          <source>
            <langstring xml:lang="x-none">LOMv1.0</langstring>
          </source>
          <value>
            <langstring xml:lang="x-none">yes</langstring>
          </value>
        </copyrightandotherrestrictions>
      </rights>
    </lom>
  </metadata>
  <organizations default="Jeopardy-Inspired_Game_Show_Template_ORG">
    <organization identifier="Jeopardy-Inspired_Game_Show_Template_ORG">
      <title>Jeopardy-Inspired Game Show Template</title>
      <item identifier="Jeopardy_v7_SCO" isvisible="true" identifierref="__5aTysiQfj2r_course_id_RES">
        <title>Jeopardy-Inspired Game Show Template</title>
      </item>
    </organization>
  </organizations>
  <resources>
    <resource identifier="__5aTysiQfj2r_course_id_RES" type="webcontent" href="index_lms.html" adlcp:scormtype="sco">
      <file href="story_content/thumbnail.jpg" />
      <file href="mobile/64C9UG9syqi_DX348_DY348_CX174_CY26.jpg" />
      <file href="story_content/6cSfKS2Jhoe_44100_56_0.mp3" />
      <file href="story_content/6oF7zVChA2H_44100_56_0.mp3" />
      <file href="story_content/5nwyGeTEPbY_44100_56_0.mp3" />
      <file href="story_content/6JJCO0CGypH_44100_56_0.mp3" />
      <file href="story_content/5j7NLuDmWC4_44100_56_0.mp3" />
      <file href="story_content/6ORrELc2yc3_44100_56_0.mp3" />
      <file href="mobile/5XvmJ4HyQF8_DX960_DY960_CX755_CY341.jpg" />
      <file href="mobile/5fHWiXWsqfD_DX1138_DY1138_CX894_CY358.png" />
      <file href="mobile/6CvRg5JwfyO_P_0_39_731_683_DX634_DY634_CX435_CY407.png" />
      <file href="mobile/5zKBbP1VsHv_DX1398_DY1398_CX970_CY364.jpg" />
      <file href="mobile/6GSpuRwp7w2_DX782_DY782_CX597_CY398.jpg" />
      <file href="mobile/6GSpuRwp7w2_DX782_DY782_CX615_CY410.jpg" />
      <file href="mobile/6kQWvvSsltr_DX928_DY928_CX670_CY380.jpg" />
      <file href="mobile/6g5UISPtXWf_DX800_DY800_CX629_CY394.png" />
      <file href="mobile/5XjeLvobr1I_DX1376_DY1376_CX1082_CY330.jpg" />
      <file href="mobile/6jwJm6s4ZU2_DX774_DY774_CX607_CY376.jpg" />
      <file href="mobile/6Kf4q7J2YGG_DX1150_DY1150_CX905_CY418.png" />
      <file href="mobile/5lkUDaUArpl_DX1072_DY1072_CX782_CY351.png" />
      <file href="mobile/5lkUDaUArpl_DX1074_DY1074_CX844_CY379.png" />
      <file href="mobile/60N5Zh7xXw0_DX794_DY794_CX624_CY383.jpg" />
      <file href="mobile/6r2CvEma117_DX456_DY456_CX358_CY268.jpg" />
      <file href="mobile/5m8VFhm7Mqy_DX778_DY778_CX611_CY355.png" />
      <file href="mobile/6mOPT5jjfAU_P_0_79_1445_447_DX1388_DY1388_CX1092_CY338.jpg" />
      <file href="mobile/5WF9keEXjRW_DX650_DY650_CX509_CY264.jpg" />
      <file href="mobile/65NEChfZ6rU_DX950_DY950_CX747_CY415.jpg" />
      <file href="meta.xml" />
      <file href="story_content/user.js" />
      <file href="mobile/txt__default_5r0xTb9Jab9.png" />
      <file href="mobile/txt__default_6r6XyJYBMIr.png" />
      <file href="mobile/txt__default_6QqncPy8RKZ.png" />
      <file href="mobile/txt__default_6CmVXPuWapW.png" />
      <file href="mobile/txt__default_5igL1q0aSl0.png" />
      <file href="mobile/txt__default_5k05sQbn78z.png" />
      <file href="mobile/txt__default_5pEwXgznJbo.png" />
      <file href="mobile/txt__default_5fogcOrlw82.png" />
      <file href="mobile/txt__default_6maprWGBHzT.png" />
      <file href="mobile/txt__default_65EIz2a5wzz.png" />
      <file href="mobile/txt__default_6RrE5zNvxki.png" />
      <file href="mobile/txt__default_67luNcYBScG.png" />
      <file href="mobile/txt__default_5pgFSLdLLF3.png" />
      <file href="mobile/txt__default_6AbRwKRMP0n.png" />
      <file href="mobile/txt__default_6fBXpVD3eoj.png" />
      <file href="mobile/txt__default_5hSbGDQSkMX.png" />
      <file href="mobile/txt__default_5uu3zCO7Yjc.png" />
      <file href="mobile/txt__default_5koMDRR2z52.png" />
      <file href="mobile/txt__default_6X9IV2yxzto.png" />
      <file href="mobile/txt__default_6nB7aOavAK5.png" />
      <file href="mobile/txt__default_5qClTkEDalP.png" />
      <file href="mobile/txt__default_5XDfuFVmyTU.png" />
      <file href="mobile/txt__default_5hbjtj8C0X0.png" />
      <file href="mobile/txt__default_5mw8cqvK0zj.png" />
      <file href="mobile/txt__default_6mcHxMJuPXw.png" />
      <file href="mobile/txt__default_5cOAgbDCmDv.png" />
      <file href="mobile/txt__default_5yJhKfgxLN8.png" />
      <file href="mobile/txt__default_5wWMGLorANW.png" />
      <file href="mobile/txt__default_6maiyaWS2nh.png" />
      <file href="mobile/txt__default_6WpTsqOeNuR.png" />
      <file href="mobile/txt__default_5dqEAbaNbO0.png" />
      <file href="mobile/txt__default_65WJfLvyNYI.png" />
      <file href="mobile/txt__default_5VjFiKvuYTB.png" />
      <file href="mobile/txt__default_5anuXV8pckK.png" />
      <file href="mobile/txt__default_6bXWj7X5Nqz.png" />
      <file href="mobile/txt__default_6h0Je9cQaU2.png" />
      <file href="mobile/txt__default_66NInJM36kN.png" />
      <file href="mobile/txt__default_67tr9paWHGr.png" />
      <file href="mobile/txt__default_5h4jowxGVqX.png" />
      <file href="mobile/txt__default_5fIbmEtDdgM.png" />
      <file href="mobile/Shape6g6jxgnMep8.png" />
      <file href="mobile/Shape5WxtcaXuvrB.png" />
      <file href="mobile/Shape6FGGJZ0nTez.png" />
      <file href="mobile/Shape5ZPbEmIimwb.png" />
      <file href="mobile/Shape5vSlSWts4FN.png" />
      <file href="mobile/Shape6H3tLLKpQTL.png" />
      <file href="mobile/Shape5mjO5pNuJFX.png" />
      <file href="mobile/Shape6ggopAED77z.png" />
      <file href="mobile/Shape6NcnlYz0IUO.png" />
      <file href="mobile/Shape5e1Q26mQoV5.png" />
      <file href="mobile/Shape5f8cEOOFKxL.png" />
      <file href="mobile/Shape5XzCvbNpzPc.png" />
      <file href="mobile/Shape5znuupxbJwx.png" />
      <file href="mobile/Shape5fqNBYe50NV.png" />
      <file href="mobile/Shape66I4RCNhup7.png" />
      <file href="mobile/Shape5jluKRWW3II.png" />
      <file href="mobile/Shape5yEHe4OYs9B.png" />
      <file href="mobile/Shape5aMyGtnBjyg.png" />
      <file href="mobile/Shape5idSKaVgk5A.png" />
      <file href="mobile/Shape5WG0JqEKDGY.png" />
      <file href="mobile/Shape6e6g3BJQMGZ.png" />
      <file href="mobile/Shape6Rc4DWqgtFF.png" />
      <file href="mobile/Shape5cQHnwm3guQ.png" />
      <file href="mobile/Shape626S1kiPC7P.png" />
      <file href="mobile/Shape5sxWy02sp62.png" />
      <file href="mobile/Shape5sxmmxst9Yj.png" />
      <file href="mobile/Shape5hCxw7lbqr5.png" />
      <file href="mobile/Shape5tXEKyUDA9Y.png" />
      <file href="mobile/Shape5YSxuphTN0i.png" />
      <file href="mobile/Shape6BAkayn8lEk.png" />
      <file href="mobile/Shape6iNhLYlQI4B.png" />
      <file href="mobile/Shape60Oe4Ho7Ea6.png" />
      <file href="mobile/Shape62PajFpSg48.png" />
      <file href="mobile/Shape6g7dQta1iB8.png" />
      <file href="mobile/Shape6MiHLcuJuKZ.png" />
      <file href="mobile/Shape6AA6jMHDOpP.png" />
      <file href="mobile/Shape5myiH7zdsyl.png" />
      <file href="mobile/Shape6lfJBF1uVgN.png" />
      <file href="mobile/Shape5rh27TiPRXF.png" />
      <file href="mobile/Shape6f2Ty51T8vI.png" />
      <file href="mobile/Shape6AMUtwE2o0o.png" />
      <file href="mobile/Shape6Sdvx9omh5k.png" />
      <file href="mobile/Shape6kMUwPdblNd.png" />
      <file href="mobile/Shape5xbf4NyyzST.png" />
      <file href="mobile/Shape6QB8NJfte89.png" />
      <file href="mobile/Shape5XIZc30ey5b.png" />
      <file href="mobile/Shape5c0QHH2XTpL.png" />
      <file href="mobile/Shape5yjddjKX3XY.png" />
      <file href="mobile/Shape6FQ0THfAfYK.png" />
      <file href="mobile/Shape65vlSr5S4Jj.png" />
      <file href="mobile/txt__default_6NbgWFrzUus.png" />
      <file href="mobile/txt__default_6InNcTltC3e.png" />
      <file href="mobile/txt__default_6PC7lGghUJR.png" />
      <file href="mobile/txt__default_5moPu1IeiVI.png" />
      <file href="mobile/txt__default_6Ox6EFZwzDU.png" />
      <file href="mobile/txt__default_6OE8GU8tOyr.png" />
      <file href="mobile/txt__default_6pHygb1ltWe.png" />
      <file href="mobile/txt__default_6EfqHCSarv8.png" />
      <file href="mobile/txt__default_6qHT5m9i8WW.png" />
      <file href="mobile/txt__default_6jX8GQJt2gc.png" />
      <file href="mobile/txt__default_5cKQQrAePKV.png" />
      <file href="mobile/txt__default_607c780OEeB.png" />
      <file href="mobile/txt__default_6Ht1iGP3LTI.png" />
      <file href="mobile/txt__default_6DIhRHkrWu6.png" />
      <file href="mobile/txt__default_6pq54cheFoY.png" />
      <file href="mobile/txt__default_6OggEsQyOFD.png" />
      <file href="mobile/txt__default_5k74g7zEncj.png" />
      <file href="mobile/txt__default_5keFWOaHnT6.png" />
      <file href="mobile/txt__default_5wbCp857ap4.png" />
      <file href="mobile/txt__default_5q8MW9EuSbO.png" />
      <file href="mobile/txt__default_6F1EvbKgH5k.png" />
      <file href="mobile/txt__default_5YBaSfqDH6g.png" />
      <file href="mobile/txt__default_6k34xgfWmcL.png" />
      <file href="mobile/txt__default_6Iti9en0msP.png" />
      <file href="mobile/txt__default_6q5UGQBVQmg.png" />
      <file href="mobile/txt__default_6Q2TwbyEYTa.png" />
      <file href="mobile/txt__default_5tSWwSdf2sy.png" />
      <file href="mobile/txt__default_6rMXTsuBqgj.png" />
      <file href="mobile/txt__default_6JyAPnsr2cW.png" />
      <file href="mobile/txt__default_60SDBziMZHJ.png" />
      <file href="mobile/txt__default_6F41hEdZ34P.png" />
      <file href="mobile/txt__default_65EQFOceACQ.png" />
      <file href="mobile/txt__default_6RkuDLaolZd.png" />
      <file href="mobile/txt__default_5XUZOG5tiY9.png" />
      <file href="mobile/txt__default_6IUAzSND1xZ.png" />
      <file href="mobile/txt__default_5sGQPdU0VOl.png" />
      <file href="mobile/txt__default_67Xn9RaYW88.png" />
      <file href="mobile/txt__default_694rMFZJX2R.png" />
      <file href="mobile/txt__default_6hrHUCtqN5g.png" />
      <file href="mobile/txt__default_5nALd247vVR.png" />
      <file href="html5/data/css/output.min.css" />
      <file href="html5/data/js/5apIg6du5dL.js" />
      <file href="html5/data/js/5c7d3QlMw7v.js" />
      <file href="html5/data/js/5dFBnF450uO.js" />
      <file href="html5/data/js/5gNznIyqEiW.js" />
      <file href="html5/data/js/5msJYqWw4Ln.js" />
      <file href="html5/data/js/5nxaK00W5h1.js" />
      <file href="html5/data/js/5s5Xl5vWRvE.js" />
      <file href="html5/data/js/5svRdr3G303.js" />
      <file href="html5/data/js/5uJi9wEM8LG.js" />
      <file href="html5/data/js/5vbrhe5XY21.js" />
      <file href="html5/data/js/63T6uNaPL3U.js" />
      <file href="html5/data/js/694hzM9lA2L.js" />
      <file href="html5/data/js/6BqySzSxtVb.js" />
      <file href="html5/data/js/6bUW5Ph8zvo.js" />
      <file href="html5/data/js/6cfoWmTa0wh.js" />
      <file href="html5/data/js/6EWXjfltcOA.js" />
      <file href="html5/data/js/6fMNZ2mnv33.js" />
      <file href="html5/data/js/6JBoy7pTzIn.js" />
      <file href="html5/data/js/6JjlGoZfvfm.js" />
      <file href="html5/data/js/6kxNGTJUqhN.js" />
      <file href="html5/data/js/6L81uwo3VjO.js" />
      <file href="html5/data/js/6NfQo2vBLG8.js" />
      <file href="html5/data/js/6nuRmVS2isY.js" />
      <file href="html5/data/js/6PjH0COvSyD.js" />
      <file href="html5/data/js/6S0B7vqo1td.js" />
      <file href="html5/data/js/6SIRqbFrqcb.js" />
      <file href="html5/data/js/6Vxjpo0xyzM.js" />
      <file href="html5/data/js/6Y8yI7wC9CE.js" />
      <file href="html5/data/js/data.js" />
      <file href="html5/data/js/frame.js" />
      <file href="html5/data/js/paths.js" />
      <file href="html5/lib/scripts/bootstrapper.min.js" />
      <file href="html5/lib/scripts/frame.desktop.min.js" />
      <file href="html5/lib/scripts/frame.mobile.min.js" />
      <file href="html5/lib/scripts/slides.min.js" />
      <file href="html5/lib/stylesheets/desktop.min.css" />
      <file href="html5/lib/stylesheets/mobile.min.css" />
      <file href="html5/lib/stylesheets/mobile-fonts/open-sans-bold.woff" />
      <file href="html5/lib/stylesheets/mobile-fonts/open-sans-light.woff" />
      <file href="html5/lib/stylesheets/mobile-fonts/open-sans-regular.woff" />
      <file href="analytics-frame.html" />
      <file href="story.html" />
      <file href="index_lms.html" />
      <file href="lms/AICCComm.html" />
      <file href="lms/blank.html" />
      <file href="lms/browsersniff.js" />
      <file href="lms/goodbye.html" />
      <file href="lms/LICENSE.txt" />
      <file href="lms/scormdriver.js" />
    </resource>
  </resources>
</manifest>